{
	"tags": null,
	"position": [
		13.000051498413086,
		-12.25013542175293,
		-28.598342895507812
	],
	"rotation": [
		0,
		0,
		0
	],
	"rotationQuaternion": [
		0.5,
		0.5000000218556941,
		0.5,
		0.4999999781443068
	],
	"scaling": [
		0.9999998807907114,
		0.9999998807907114,
		0.9999998807907123
	],
	"billboardMode": 0,
	"scalingDeterminant": 1,
	"infiniteDistance": false,
	"ignoreNonUniformScaling": false,
	"reIntegrateRotationIntoRotationQuaternion": false,
	"name": "1",
	"id": "67664284-a17f-426d-98c3-14d134b5cf42",
	"state": "",
	"metadata": {},
	"type": "TransformNode",
	"uniqueId": 21607,
	"parentId": "110efca0-1422-4704-b3c9-2c8c53783395",
	"localMatrix": {
		"0": 1,
		"1": 0,
		"2": 0,
		"3": 0,
		"4": 0,
		"5": 1,
		"6": 0,
		"7": 0,
		"8": 0,
		"9": 0,
		"10": 1,
		"11": 0,
		"12": 0,
		"13": 0,
		"14": 0,
		"15": 1
	},
	"isEnabled": true
}