{
	"tags": null,
	"position": [
		0,
		0,
		0
	],
	"rotation": [
		0,
		0,
		0
	],
	"rotationQuaternion": [
		0.7071067811865475,
		0,
		0,
		0.7071067811865476
	],
	"scaling": [
		0.009999999776482582,
		0.009999999776482582,
		0.009999999776482582
	],
	"billboardMode": 0,
	"scalingDeterminant": 1,
	"infiniteDistance": false,
	"ignoreNonUniformScaling": false,
	"reIntegrateRotationIntoRotationQuaternion": false,
	"name": "255fbab5dde44acfb90af7ddff2423e5.fbx",
	"id": "3c90719a-8871-4fbe-983b-8b369a85baf9",
	"state": "",
	"metadata": {},
	"type": "TransformNode",
	"uniqueId": 21731,
	"parentId": "2e99e5f0-e91b-4feb-b9cd-9b5c7207da26",
	"localMatrix": {
		"0": 1,
		"1": 0,
		"2": 0,
		"3": 0,
		"4": 0,
		"5": 1,
		"6": 0,
		"7": 0,
		"8": 0,
		"9": 0,
		"10": 1,
		"11": 0,
		"12": 0,
		"13": 0,
		"14": 0,
		"15": 1
	},
	"isEnabled": true
}