{
	"tags": null,
	"position": [
		0,
		0,
		0
	],
	"rotation": [
		0,
		0,
		0
	],
	"rotationQuaternion": [
		0.7071067811865475,
		0,
		0,
		0.7071067811865476
	],
	"scaling": [
		0.009999999776482582,
		0.009999999776482582,
		0.009999999776482582
	],
	"billboardMode": 0,
	"scalingDeterminant": 1,
	"infiniteDistance": false,
	"ignoreNonUniformScaling": false,
	"reIntegrateRotationIntoRotationQuaternion": false,
	"name": "255fbab5dde44acfb90af7ddff2423e5.fbx",
	"id": "c35e5138-434d-4f19-815d-9438a572509f",
	"state": "",
	"metadata": {},
	"type": "TransformNode",
	"uniqueId": 21162,
	"parentId": "8a3ec27f-08aa-4ea6-9e3f-2dfb88b73938",
	"localMatrix": {
		"0": 1,
		"1": 0,
		"2": 0,
		"3": 0,
		"4": 0,
		"5": 1,
		"6": 0,
		"7": 0,
		"8": 0,
		"9": 0,
		"10": 1,
		"11": 0,
		"12": 0,
		"13": 0,
		"14": 0,
		"15": 1
	},
	"isEnabled": true
}