{
	"tags": null,
	"position": [
		-2.16493481860972e-17,
		0.00328791886568069,
		-7.45058043039037e-11
	],
	"rotation": [
		0,
		0,
		0
	],
	"rotationQuaternion": [
		0.115165159106255,
		4.3513566083675e-7,
		7.13079444381037e-8,
		0.993346333503723
	],
	"scaling": [
		1,
		1.00000011920929,
		1
	],
	"billboardMode": 0,
	"scalingDeterminant": 1,
	"infiniteDistance": false,
	"ignoreNonUniformScaling": false,
	"reIntegrateRotationIntoRotationQuaternion": false,
	"name": "Abdomen",
	"id": "9344f9a5-2ea5-4635-a084-fd10930c0de7",
	"state": "",
	"metadata": {},
	"type": "TransformNode",
	"uniqueId": 7808,
	"parentId": "29d6e7b1-859c-48d8-8704-9ea8f01cff13",
	"localMatrix": {
		"0": 1,
		"1": 0,
		"2": 0,
		"3": 0,
		"4": 0,
		"5": 1,
		"6": 0,
		"7": 0,
		"8": 0,
		"9": 0,
		"10": 1,
		"11": 0,
		"12": 0,
		"13": 0,
		"14": 0,
		"15": 1
	},
	"isEnabled": true
}