{
	"tags": null,
	"position": [
		-0.0000319546306855045,
		0.00195048085879534,
		-0.0000588517395954113
	],
	"rotation": [
		0,
		0,
		0
	],
	"rotationQuaternion": [
		0.707106828689575,
		1.6858743379089e-7,
		1.6858740536918e-7,
		0.707106709480286
	],
	"scaling": [
		1,
		1,
		1
	],
	"billboardMode": 0,
	"scalingDeterminant": 1,
	"infiniteDistance": false,
	"ignoreNonUniformScaling": false,
	"reIntegrateRotationIntoRotationQuaternion": false,
	"name": "Bone",
	"id": "736a9981-e4d3-4e7f-8b5d-c447b8f3cd92",
	"state": "",
	"metadata": {
		"script": {
			"name": "None"
		}
	},
	"type": "TransformNode",
	"uniqueId": 7794,
	"localMatrix": {
		"0": 1,
		"1": 0,
		"2": 0,
		"3": 0,
		"4": 0,
		"5": 1,
		"6": 0,
		"7": 0,
		"8": 0,
		"9": 0,
		"10": 1,
		"11": 0,
		"12": 0,
		"13": 0,
		"14": 0,
		"15": 1
	},
	"isEnabled": true
}