{
	"tags": null,
	"position": [
		528.2913208007812,
		7286.17236328125,
		-102.2734375
	],
	"rotation": [
		0,
		0,
		0
	],
	"rotationQuaternion": [
		-0.7071068387877151,
		0,
		0,
		0.7071067235853846
	],
	"scaling": [
		43.45509719848633,
		43.455097198486904,
		43.455097198486904
	],
	"billboardMode": 0,
	"scalingDeterminant": 1,
	"infiniteDistance": false,
	"ignoreNonUniformScaling": false,
	"reIntegrateRotationIntoRotationQuaternion": false,
	"name": "Cube",
	"id": "b7fdd71f-e1ca-44ce-9665-b3e84ace59c1",
	"state": "",
	"metadata": {},
	"type": "TransformNode",
	"uniqueId": 21712,
	"parentId": "c5c58156-a9d2-4b27-873e-32ac1b2e8681",
	"localMatrix": {
		"0": 1,
		"1": 0,
		"2": 0,
		"3": 0,
		"4": 0,
		"5": 1,
		"6": 0,
		"7": 0,
		"8": 0,
		"9": 0,
		"10": 1,
		"11": 0,
		"12": 0,
		"13": 0,
		"14": 0,
		"15": 1
	},
	"isEnabled": true
}