{
	"tags": null,
	"position": [
		528.2913208007812,
		7286.17236328125,
		-102.2734375
	],
	"rotation": [
		0,
		0,
		0
	],
	"rotationQuaternion": [
		-0.7071068387877151,
		0,
		0,
		0.7071067235853846
	],
	"scaling": [
		43.45509719848633,
		43.455097198486904,
		43.455097198486904
	],
	"billboardMode": 0,
	"scalingDeterminant": 1,
	"infiniteDistance": false,
	"ignoreNonUniformScaling": false,
	"reIntegrateRotationIntoRotationQuaternion": false,
	"name": "Cube",
	"id": "85b0d3d4-87b2-4f75-b87a-9ea31c71e735",
	"state": "",
	"metadata": {},
	"type": "TransformNode",
	"uniqueId": 21691,
	"parentId": "f1916d0a-b65b-43dc-a25d-ff35140a7727",
	"localMatrix": {
		"0": 1,
		"1": 0,
		"2": 0,
		"3": 0,
		"4": 0,
		"5": 1,
		"6": 0,
		"7": 0,
		"8": 0,
		"9": 0,
		"10": 1,
		"11": 0,
		"12": 0,
		"13": 0,
		"14": 0,
		"15": 1
	},
	"isEnabled": true
}