{
	"tags": null,
	"position": [
		528.2913208007812,
		7286.17236328125,
		-102.2734375
	],
	"rotation": [
		0,
		0,
		0
	],
	"rotationQuaternion": [
		-0.7071068387877151,
		0,
		0,
		0.7071067235853846
	],
	"scaling": [
		43.45509719848633,
		43.455097198486904,
		43.455097198486904
	],
	"billboardMode": 0,
	"scalingDeterminant": 1,
	"infiniteDistance": false,
	"ignoreNonUniformScaling": false,
	"reIntegrateRotationIntoRotationQuaternion": false,
	"name": "Cube",
	"id": "66bf2beb-0fea-44a3-8314-a51d8c87cb1f",
	"state": "",
	"metadata": {},
	"type": "TransformNode",
	"uniqueId": 21164,
	"parentId": "1be2aa0c-1350-4f8f-8772-b952a4f4957e",
	"localMatrix": {
		"0": 1,
		"1": 0,
		"2": 0,
		"3": 0,
		"4": 0,
		"5": 1,
		"6": 0,
		"7": 0,
		"8": 0,
		"9": 0,
		"10": 1,
		"11": 0,
		"12": 0,
		"13": 0,
		"14": 0,
		"15": 1
	},
	"isEnabled": true
}