{
	"tags": null,
	"position": [
		1.11022299980974e-18,
		0.00325548928231001,
		-3.46944687440543e-20
	],
	"rotation": [
		0,
		0,
		0
	],
	"rotationQuaternion": [
		-3.46944695195361e-18,
		-1.24077091882954e-23,
		-4.30478888240584e-41,
		1
	],
	"scaling": [
		1,
		1,
		1
	],
	"billboardMode": 0,
	"scalingDeterminant": 1,
	"infiniteDistance": false,
	"ignoreNonUniformScaling": false,
	"reIntegrateRotationIntoRotationQuaternion": false,
	"name": "Foot.L_end",
	"id": "9017d93e-3f9b-4764-bdb4-a718ded2fae3",
	"state": "",
	"metadata": {},
	"type": "TransformNode",
	"uniqueId": 15303,
	"parentId": "5f9b831b-43a9-4e5e-817a-d2407dac4e6c",
	"localMatrix": {
		"0": 1,
		"1": 0,
		"2": 0,
		"3": 0,
		"4": 0,
		"5": 1,
		"6": 0,
		"7": 0,
		"8": 0,
		"9": 0,
		"10": 1,
		"11": 0,
		"12": 0,
		"13": 0,
		"14": 0,
		"15": 1
	},
	"isEnabled": false
}