{
	"tags": null,
	"position": [
		-0.00636880612000823,
		0.000305792083963752,
		0.000570139964111149
	],
	"rotation": [
		0,
		0,
		0
	],
	"rotationQuaternion": [
		5.03264118378866e-7,
		0.695549607276917,
		0.718478083610535,
		6.13391705428512e-7
	],
	"scaling": [
		1,
		1.00000035762787,
		1.00000011920929
	],
	"billboardMode": 0,
	"scalingDeterminant": 1,
	"infiniteDistance": false,
	"ignoreNonUniformScaling": false,
	"reIntegrateRotationIntoRotationQuaternion": false,
	"name": "Foot.R",
	"id": "74929243-915a-4cf8-bb87-acc74634c041",
	"state": "",
	"metadata": {},
	"type": "TransformNode",
	"uniqueId": 7893,
	"parentId": "736a9981-e4d3-4e7f-8b5d-c447b8f3cd92",
	"localMatrix": {
		"0": 1,
		"1": 0,
		"2": 0,
		"3": 0,
		"4": 0,
		"5": 1,
		"6": 0,
		"7": 0,
		"8": 0,
		"9": 0,
		"10": 1,
		"11": 0,
		"12": 0,
		"13": 0,
		"14": 0,
		"15": 1
	},
	"isEnabled": true
}