{
	"tags": null,
	"position": [
		0,
		0.0032554897479713,
		0
	],
	"rotation": [
		0,
		0,
		0
	],
	"rotationQuaternion": [
		-3.46944695195361e-18,
		-3.14328632770151e-23,
		-2.64697796016969e-23,
		1
	],
	"scaling": [
		1,
		1,
		1
	],
	"billboardMode": 0,
	"scalingDeterminant": 1,
	"infiniteDistance": false,
	"ignoreNonUniformScaling": false,
	"reIntegrateRotationIntoRotationQuaternion": false,
	"name": "Foot.R_end",
	"id": "0fbc3818-8480-4e66-9075-36823bda816e",
	"state": "",
	"metadata": {},
	"type": "TransformNode",
	"uniqueId": 7896,
	"parentId": "74929243-915a-4cf8-bb87-acc74634c041",
	"localMatrix": {
		"0": 1,
		"1": 0,
		"2": 0,
		"3": 0,
		"4": 0,
		"5": 1,
		"6": 0,
		"7": 0,
		"8": 0,
		"9": 0,
		"10": 1,
		"11": 0,
		"12": 0,
		"13": 0,
		"14": 0,
		"15": 1
	},
	"isEnabled": true
}