{
	"tags": null,
	"position": [
		-0.00000895798166311579,
		0.00647621275857091,
		0.000363968458259478
	],
	"rotation": [
		0,
		0,
		0
	],
	"rotationQuaternion": [
		-0.7137091755867,
		0.00102141441311687,
		-0.000962936959695071,
		0.700440764427185
	],
	"scaling": [
		0.999999940395355,
		1,
		1
	],
	"billboardMode": 0,
	"scalingDeterminant": 1,
	"infiniteDistance": false,
	"ignoreNonUniformScaling": false,
	"reIntegrateRotationIntoRotationQuaternion": false,
	"name": "Head",
	"id": "78507f52-5a0a-4d4e-a0f8-28db8b7ea772",
	"state": "",
	"metadata": {},
	"type": "TransformNode",
	"uniqueId": 15316,
	"parentId": "ae35773f-29dd-4376-b449-9818fba7751f",
	"localMatrix": {
		"0": 1,
		"1": 0,
		"2": 0,
		"3": 0,
		"4": 0,
		"5": 1,
		"6": 0,
		"7": 0,
		"8": 0,
		"9": 0,
		"10": 1,
		"11": 0,
		"12": 0,
		"13": 0,
		"14": 0,
		"15": 1
	},
	"isEnabled": false
}