{
	"tags": null,
	"position": [
		2.77555749952435e-19,
		0.0110828317701817,
		-2.77555749952435e-19
	],
	"rotation": [
		0,
		0,
		0
	],
	"rotationQuaternion": [
		-6.93889390390723e-18,
		-1.38777878078145e-17,
		-7.80625564189563e-18,
		1
	],
	"scaling": [
		1,
		1,
		1
	],
	"billboardMode": 0,
	"scalingDeterminant": 1,
	"infiniteDistance": false,
	"ignoreNonUniformScaling": false,
	"reIntegrateRotationIntoRotationQuaternion": false,
	"name": "Head_end",
	"id": "3a0689ca-ddac-440c-848f-f21e3416e2c9",
	"state": "",
	"metadata": {},
	"type": "TransformNode",
	"uniqueId": 7832,
	"parentId": "315df1d2-4af2-448f-8b28-a9f99df76f1a",
	"localMatrix": {
		"0": 1,
		"1": 0,
		"2": 0,
		"3": 0,
		"4": 0,
		"5": 1,
		"6": 0,
		"7": 0,
		"8": 0,
		"9": 0,
		"10": 1,
		"11": 0,
		"12": 0,
		"13": 0,
		"14": 0,
		"15": 1
	},
	"isEnabled": true
}