{
	"tags": null,
	"position": [
		1.22527127333072e-10,
		0.00309865921735764,
		5.00585857488023e-11
	],
	"rotation": [
		0,
		0,
		0
	],
	"rotationQuaternion": [
		-0.0350495465099812,
		-0.082169771194458,
		-0.00189323793165386,
		0.996000051498413
	],
	"scaling": [
		0.999999940395355,
		0.999999940395355,
		0.999999940395355
	],
	"billboardMode": 0,
	"scalingDeterminant": 1,
	"infiniteDistance": false,
	"ignoreNonUniformScaling": false,
	"reIntegrateRotationIntoRotationQuaternion": false,
	"name": "Head",
	"id": "315df1d2-4af2-448f-8b28-a9f99df76f1a",
	"state": "",
	"metadata": {},
	"type": "TransformNode",
	"uniqueId": 7811,
	"parentId": "de7ef1f1-d40b-4f10-8d76-5f014e317759",
	"localMatrix": {
		"0": 1,
		"1": 0,
		"2": 0,
		"3": 0,
		"4": 0,
		"5": 1,
		"6": 0,
		"7": 0,
		"8": 0,
		"9": 0,
		"10": 1,
		"11": 0,
		"12": 0,
		"13": 0,
		"14": 0,
		"15": 1
	},
	"isEnabled": true
}