{
	"tags": null,
	"position": [
		1.11022299980974e-18,
		0.00131475238595158,
		0
	],
	"rotation": [
		0,
		0,
		0
	],
	"rotationQuaternion": [
		2.77555756156289e-17,
		1.38777878078145e-17,
		6.93889390390723e-18,
		1
	],
	"scaling": [
		1,
		1,
		1
	],
	"billboardMode": 0,
	"scalingDeterminant": 1,
	"infiniteDistance": false,
	"ignoreNonUniformScaling": false,
	"reIntegrateRotationIntoRotationQuaternion": false,
	"name": "Index2.R_end",
	"id": "634c7ab3-d942-435d-acce-345999e05485",
	"state": "",
	"metadata": {},
	"type": "TransformNode",
	"uniqueId": 15376,
	"parentId": "3aaebbb6-82bd-4d8e-b604-597144f489d5",
	"localMatrix": {
		"0": 1,
		"1": 0,
		"2": 0,
		"3": 0,
		"4": 0,
		"5": 1,
		"6": 0,
		"7": 0,
		"8": 0,
		"9": 0,
		"10": 1,
		"11": 0,
		"12": 0,
		"13": 0,
		"14": 0,
		"15": 1
	},
	"isEnabled": false
}