{
	"tags": null,
	"position": [
		0,
		0.00131474959198385,
		0
	],
	"rotation": [
		0,
		0,
		0
	],
	"rotationQuaternion": [
		-3.15972881501031e-35,
		-2.60208521396521e-18,
		-1.21430643318376e-17,
		1
	],
	"scaling": [
		1,
		1,
		1
	],
	"billboardMode": 0,
	"scalingDeterminant": 1,
	"infiniteDistance": false,
	"ignoreNonUniformScaling": false,
	"reIntegrateRotationIntoRotationQuaternion": false,
	"name": "Middle2.L_end",
	"id": "c91ea67d-32e7-4ca3-b6c2-d9feaa546749",
	"state": "",
	"metadata": {},
	"type": "TransformNode",
	"uniqueId": 7843,
	"parentId": "fb6f99d4-6287-4852-b90d-7763ac870678",
	"localMatrix": {
		"0": 1,
		"1": 0,
		"2": 0,
		"3": 0,
		"4": 0,
		"5": 1,
		"6": 0,
		"7": 0,
		"8": 0,
		"9": 0,
		"10": 1,
		"11": 0,
		"12": 0,
		"13": 0,
		"14": 0,
		"15": 1
	},
	"isEnabled": true
}