{
	"tags": null,
	"position": [
		5.9604643443123e-10,
		0.00371197937056422,
		-4.47034825823422e-10
	],
	"rotation": [
		0,
		0,
		0
	],
	"rotationQuaternion": [
		-0.0436783507466316,
		-0.0103277927264571,
		0.525088965892792,
		0.849862992763519
	],
	"scaling": [
		1,
		1,
		1
	],
	"billboardMode": 0,
	"scalingDeterminant": 1,
	"infiniteDistance": false,
	"ignoreNonUniformScaling": false,
	"reIntegrateRotationIntoRotationQuaternion": false,
	"name": "Middle1.R",
	"id": "821c34ee-b648-4914-8b9d-ee6199f6ff54",
	"state": "",
	"metadata": {},
	"type": "TransformNode",
	"uniqueId": 15367,
	"parentId": "76f05b06-afe1-4f45-b638-340ca3402128",
	"localMatrix": {
		"0": 1,
		"1": 0,
		"2": 0,
		"3": 0,
		"4": 0,
		"5": 1,
		"6": 0,
		"7": 0,
		"8": 0,
		"9": 0,
		"10": 1,
		"11": 0,
		"12": 0,
		"13": 0,
		"14": 0,
		"15": 1
	},
	"isEnabled": true
}