{
	"tags": null,
	"position": [
		0,
		0.00131474959198385,
		0
	],
	"rotation": [
		0,
		0,
		0
	],
	"rotationQuaternion": [
		-3.15972881501031e-35,
		-2.60208521396521e-18,
		-1.21430643318376e-17,
		1
	],
	"scaling": [
		1,
		1,
		1
	],
	"billboardMode": 0,
	"scalingDeterminant": 1,
	"infiniteDistance": false,
	"ignoreNonUniformScaling": false,
	"reIntegrateRotationIntoRotationQuaternion": false,
	"name": "Middle2.L_end",
	"id": "783f2d1b-d15f-4d82-9704-374f2130861c",
	"state": "",
	"metadata": {},
	"type": "TransformNode",
	"uniqueId": 15347,
	"parentId": "4d0305d5-d3ec-4b50-98c6-120a5eb533d7",
	"localMatrix": {
		"0": 1,
		"1": 0,
		"2": 0,
		"3": 0,
		"4": 0,
		"5": 1,
		"6": 0,
		"7": 0,
		"8": 0,
		"9": 0,
		"10": 1,
		"11": 0,
		"12": 0,
		"13": 0,
		"14": 0,
		"15": 1
	},
	"isEnabled": false
}