{
	"tags": null,
	"position": [
		0,
		0.00131474959198385,
		0
	],
	"rotation": [
		0,
		0,
		0
	],
	"rotationQuaternion": [
		-5.55111512312578e-17,
		5.55111512312578e-17,
		-5.55111512312578e-17,
		1
	],
	"scaling": [
		1,
		1,
		1
	],
	"billboardMode": 0,
	"scalingDeterminant": 1,
	"infiniteDistance": false,
	"ignoreNonUniformScaling": false,
	"reIntegrateRotationIntoRotationQuaternion": false,
	"name": "Middle2.R_end",
	"id": "59fcfecf-c2d4-4024-81a8-b2147082d7bf",
	"state": "",
	"metadata": {},
	"type": "TransformNode",
	"uniqueId": 15369,
	"parentId": "df114883-349a-4929-8ec9-6fac2464dc21",
	"localMatrix": {
		"0": 1,
		"1": 0,
		"2": 0,
		"3": 0,
		"4": 0,
		"5": 1,
		"6": 0,
		"7": 0,
		"8": 0,
		"9": 0,
		"10": 1,
		"11": 0,
		"12": 0,
		"13": 0,
		"14": 0,
		"15": 1
	},
	"isEnabled": false
}