{
	"tags": null,
	"position": [
		0,
		0.00131474959198385,
		0
	],
	"rotation": [
		0,
		0,
		0
	],
	"rotationQuaternion": [
		-5.55111512312578e-17,
		5.55111512312578e-17,
		-5.55111512312578e-17,
		1
	],
	"scaling": [
		1,
		1,
		1
	],
	"billboardMode": 0,
	"scalingDeterminant": 1,
	"infiniteDistance": false,
	"ignoreNonUniformScaling": false,
	"reIntegrateRotationIntoRotationQuaternion": false,
	"name": "Middle2.R_end",
	"id": "e1faca0b-1ec7-4eb9-99b2-1a4e34834594",
	"state": "",
	"metadata": {},
	"type": "TransformNode",
	"uniqueId": 7865,
	"parentId": "e473cf08-5a35-422f-9994-c1f59949e7f0",
	"localMatrix": {
		"0": 1,
		"1": 0,
		"2": 0,
		"3": 0,
		"4": 0,
		"5": 1,
		"6": 0,
		"7": 0,
		"8": 0,
		"9": 0,
		"10": 1,
		"11": 0,
		"12": 0,
		"13": 0,
		"14": 0,
		"15": 1
	},
	"isEnabled": true
}