{
	"tags": null,
	"position": [
		2.98023217215615e-10,
		0.0136820003390312,
		0
	],
	"rotation": [
		0,
		0,
		0
	],
	"rotationQuaternion": [
		-0.335566163063049,
		-0.336440533399582,
		-0.180589586496353,
		0.861156523227692
	],
	"scaling": [
		1,
		1.00000011920929,
		1.00000011920929
	],
	"billboardMode": 0,
	"scalingDeterminant": 1,
	"infiniteDistance": false,
	"ignoreNonUniformScaling": false,
	"reIntegrateRotationIntoRotationQuaternion": false,
	"name": "Palm3.L",
	"id": "aec217f3-e0bf-4093-b003-21b8396ded78",
	"state": "",
	"metadata": {},
	"type": "TransformNode",
	"uniqueId": 7851,
	"parentId": "c5dbbbb6-6a64-439e-a855-c46c322b3f68",
	"localMatrix": {
		"0": 1,
		"1": 0,
		"2": 0,
		"3": 0,
		"4": 0,
		"5": 1,
		"6": 0,
		"7": 0,
		"8": 0,
		"9": 0,
		"10": 1,
		"11": 0,
		"12": 0,
		"13": 0,
		"14": 0,
		"15": 1
	},
	"isEnabled": true
}