{
	"tags": null,
	"position": [
		-5.9604643443123e-10,
		0.0137971695512533,
		-8.94069651646845e-10
	],
	"rotation": [
		0,
		0,
		0
	],
	"rotationQuaternion": [
		-0.0372121706604958,
		-0.0747184678912163,
		0.323253810405731,
		0.942623674869537
	],
	"scaling": [
		0.99999988079071,
		0.999999940395355,
		0.99999988079071
	],
	"billboardMode": 0,
	"scalingDeterminant": 1,
	"infiniteDistance": false,
	"ignoreNonUniformScaling": false,
	"reIntegrateRotationIntoRotationQuaternion": false,
	"name": "Palm2.R",
	"id": "76f05b06-afe1-4f45-b638-340ca3402128",
	"state": "",
	"metadata": {},
	"type": "TransformNode",
	"uniqueId": 15366,
	"parentId": "fd368cff-1446-4071-8247-18aa42536680",
	"localMatrix": {
		"0": 1,
		"1": 0,
		"2": 0,
		"3": 0,
		"4": 0,
		"5": 1,
		"6": 0,
		"7": 0,
		"8": 0,
		"9": 0,
		"10": 1,
		"11": 0,
		"12": 0,
		"13": 0,
		"14": 0,
		"15": 1
	},
	"isEnabled": false
}