{
	"tags": null,
	"position": [
		2.98023217215615e-10,
		0.0136820003390312,
		0
	],
	"rotation": [
		0,
		0,
		0
	],
	"rotationQuaternion": [
		0.303970992565155,
		0.278789043426514,
		-0.210350319743156,
		0.886358320713043
	],
	"scaling": [
		1,
		0.999999940395355,
		1
	],
	"billboardMode": 0,
	"scalingDeterminant": 1,
	"infiniteDistance": false,
	"ignoreNonUniformScaling": false,
	"reIntegrateRotationIntoRotationQuaternion": false,
	"name": "Palm1.L",
	"id": "47791342-6955-4c5a-8746-743cb1347149",
	"state": "",
	"metadata": {},
	"type": "TransformNode",
	"uniqueId": 15351,
	"parentId": "1a3a684a-ee85-43d9-a2a3-9cee6d0e9d80",
	"localMatrix": {
		"0": 1,
		"1": 0,
		"2": 0,
		"3": 0,
		"4": 0,
		"5": 1,
		"6": 0,
		"7": 0,
		"8": 0,
		"9": 0,
		"10": 1,
		"11": 0,
		"12": 0,
		"13": 0,
		"14": 0,
		"15": 1
	},
	"isEnabled": false
}