{
	"tags": null,
	"position": [
		-5.9604643443123e-10,
		0.0137971695512533,
		-8.94069651646845e-10
	],
	"rotation": [
		0,
		0,
		0
	],
	"rotationQuaternion": [
		-0.158436715602875,
		0.743061304092407,
		0.333881855010986,
		0.557925283908844
	],
	"scaling": [
		0.999999940395355,
		0.99999988079071,
		0.999999940395355
	],
	"billboardMode": 0,
	"scalingDeterminant": 1,
	"infiniteDistance": false,
	"ignoreNonUniformScaling": false,
	"reIntegrateRotationIntoRotationQuaternion": false,
	"name": "Palm1.R",
	"id": "3484894e-60be-49f6-ba09-329276a249cd",
	"state": "",
	"metadata": {},
	"type": "TransformNode",
	"uniqueId": 7869,
	"parentId": "9f9a02a5-2ef5-415f-876c-05da3b7a03d8",
	"localMatrix": {
		"0": 1,
		"1": 0,
		"2": 0,
		"3": 0,
		"4": 0,
		"5": 1,
		"6": 0,
		"7": 0,
		"8": 0,
		"9": 0,
		"10": 1,
		"11": 0,
		"12": 0,
		"13": 0,
		"14": 0,
		"15": 1
	},
	"isEnabled": true
}