{
	"tags": null,
	"position": [
		0,
		0.00309120770543814,
		0
	],
	"rotation": [
		0,
		0,
		0
	],
	"rotationQuaternion": [
		4.51389830715758e-36,
		5.29395592033938e-23,
		-1.07439363640298e-29,
		1
	],
	"scaling": [
		1,
		1,
		1
	],
	"billboardMode": 0,
	"scalingDeterminant": 1,
	"infiniteDistance": false,
	"ignoreNonUniformScaling": false,
	"reIntegrateRotationIntoRotationQuaternion": false,
	"name": "PoleTarget.R_end",
	"id": "748946cd-bc43-4d13-8bbf-a32384496808",
	"state": "",
	"metadata": {},
	"type": "TransformNode",
	"uniqueId": 15402,
	"parentId": "32826e11-5a16-43d5-aa66-d0be9343dfff",
	"localMatrix": {
		"0": 1,
		"1": 0,
		"2": 0,
		"3": 0,
		"4": 0,
		"5": 1,
		"6": 0,
		"7": 0,
		"8": 0,
		"9": 0,
		"10": 1,
		"11": 0,
		"12": 0,
		"13": 0,
		"14": 0,
		"15": 1
	},
	"isEnabled": false
}