{
	"tags": null,
	"position": [
		-1.11022299980974e-18,
		0.00309120770543814,
		0
	],
	"rotation": [
		0,
		0,
		0
	],
	"rotationQuaternion": [
		-4.51389830715758e-36,
		5.29395592033938e-23,
		-1.07434112471934e-29,
		1
	],
	"scaling": [
		1,
		1,
		1
	],
	"billboardMode": 0,
	"scalingDeterminant": 1,
	"infiniteDistance": false,
	"ignoreNonUniformScaling": false,
	"reIntegrateRotationIntoRotationQuaternion": false,
	"name": "PoleTarget.L_end",
	"id": "14209a8f-aa2a-4524-b343-38f4d66c5c0c",
	"state": "",
	"metadata": {},
	"type": "TransformNode",
	"uniqueId": 15396,
	"parentId": "640da32c-11fb-460c-8d32-1bb12a03afc5",
	"localMatrix": {
		"0": 1,
		"1": 0,
		"2": 0,
		"3": 0,
		"4": 0,
		"5": 1,
		"6": 0,
		"7": 0,
		"8": 0,
		"9": 0,
		"10": 1,
		"11": 0,
		"12": 0,
		"13": 0,
		"14": 0,
		"15": 1
	},
	"isEnabled": false
}