{
	"tags": null,
	"position": [
		5.21540644005114e-10,
		0.00189366680569947,
		2.98023217215615e-10
	],
	"rotation": [
		0,
		0,
		0
	],
	"rotationQuaternion": [
		-0.0425872802734375,
		-0.0183794479817152,
		-0.699962377548218,
		0.712671875953674
	],
	"scaling": [
		1,
		0.999999940395355,
		1
	],
	"billboardMode": 0,
	"scalingDeterminant": 1,
	"infiniteDistance": false,
	"ignoreNonUniformScaling": false,
	"reIntegrateRotationIntoRotationQuaternion": false,
	"name": "Ring2.L",
	"id": "afb9de9d-c08c-4431-9934-afd31e33b694",
	"state": "",
	"metadata": {},
	"type": "TransformNode",
	"uniqueId": 7853,
	"parentId": "62c006ec-0658-4f29-99ae-a8c8f3903db4",
	"localMatrix": {
		"0": 1,
		"1": 0,
		"2": 0,
		"3": 0,
		"4": 0,
		"5": 1,
		"6": 0,
		"7": 0,
		"8": 0,
		"9": 0,
		"10": 1,
		"11": 0,
		"12": 0,
		"13": 0,
		"14": 0,
		"15": 1
	},
	"isEnabled": true
}