{
	"tags": null,
	"position": [
		5.9604643443123e-10,
		0.00426206504926085,
		7.45058043039037e-11
	],
	"rotation": [
		0,
		0,
		0
	],
	"rotationQuaternion": [
		-0.0680166706442833,
		0.483185291290283,
		-0.58401358127594,
		0.648717045783997
	],
	"scaling": [
		0.999999642372131,
		1,
		1
	],
	"billboardMode": 0,
	"scalingDeterminant": 1,
	"infiniteDistance": false,
	"ignoreNonUniformScaling": false,
	"reIntegrateRotationIntoRotationQuaternion": false,
	"name": "Ring1.L",
	"id": "62c006ec-0658-4f29-99ae-a8c8f3903db4",
	"state": "",
	"metadata": {},
	"type": "TransformNode",
	"uniqueId": 7852,
	"parentId": "aec217f3-e0bf-4093-b003-21b8396ded78",
	"localMatrix": {
		"0": 1,
		"1": 0,
		"2": 0,
		"3": 0,
		"4": 0,
		"5": 1,
		"6": 0,
		"7": 0,
		"8": 0,
		"9": 0,
		"10": 1,
		"11": 0,
		"12": 0,
		"13": 0,
		"14": 0,
		"15": 1
	},
	"isEnabled": true
}