{
	"tags": null,
	"position": [
		0,
		0,
		0
	],
	"rotation": [
		0,
		0,
		0
	],
	"rotationQuaternion": [
		-0.7071067811865475,
		0,
		0,
		0.7071067811865476
	],
	"scaling": [
		0.29037773609161377,
		0.29037773609161377,
		0.29037773609161377
	],
	"billboardMode": 0,
	"scalingDeterminant": 1,
	"infiniteDistance": false,
	"ignoreNonUniformScaling": false,
	"reIntegrateRotationIntoRotationQuaternion": false,
	"name": "Sketchfab_model",
	"id": "2e99e5f0-e91b-4feb-b9cd-9b5c7207da26",
	"state": "",
	"metadata": {},
	"type": "TransformNode",
	"uniqueId": 21730,
	"parentId": "e07e885e-4e1e-4f6d-8e24-62e980444ac7",
	"localMatrix": {
		"0": 1,
		"1": 0,
		"2": 0,
		"3": 0,
		"4": 0,
		"5": 1,
		"6": 0,
		"7": 0,
		"8": 0,
		"9": 0,
		"10": 1,
		"11": 0,
		"12": 0,
		"13": 0,
		"14": 0,
		"15": 1
	},
	"isEnabled": true
}