{
	"tags": null,
	"position": [
		-5.86733217566859e-10,
		0.00136672728694975,
		-1.78813930329369e-9
	],
	"rotation": [
		0,
		0,
		0
	],
	"rotationQuaternion": [
		-0.135572105646133,
		0.735132992267609,
		0.594621121883392,
		-0.296015858650208
	],
	"scaling": [
		1,
		1.00000071525574,
		1.00000071525574
	],
	"billboardMode": 0,
	"scalingDeterminant": 1,
	"infiniteDistance": false,
	"ignoreNonUniformScaling": false,
	"reIntegrateRotationIntoRotationQuaternion": false,
	"name": "Thumb2.R",
	"id": "ef6ed0c6-6b25-48ca-b67a-084a34161a4c",
	"state": "",
	"metadata": {},
	"type": "TransformNode",
	"uniqueId": 15371,
	"parentId": "3710f4a5-b671-4623-8cbd-246d6f93337f",
	"localMatrix": {
		"0": 1,
		"1": 0,
		"2": 0,
		"3": 0,
		"4": 0,
		"5": 1,
		"6": 0,
		"7": 0,
		"8": 0,
		"9": 0,
		"10": 1,
		"11": 0,
		"12": 0,
		"13": 0,
		"14": 0,
		"15": 1
	},
	"isEnabled": true
}