{
	"tags": null,
	"position": [
		0.000841742265038192,
		0.0125747434794903,
		0.00189778150524944
	],
	"rotation": [
		0,
		0,
		0
	],
	"rotationQuaternion": [
		0.729874134063721,
		0.63534152507782,
		0.211089313030243,
		0.138080462813377
	],
	"scaling": [
		1,
		0.99999988079071,
		0.999999761581421
	],
	"billboardMode": 0,
	"scalingDeterminant": 1,
	"infiniteDistance": false,
	"ignoreNonUniformScaling": false,
	"reIntegrateRotationIntoRotationQuaternion": false,
	"name": "Thumb.L",
	"id": "74c705f4-fc71-48e7-b8b9-7f0ad3ff78d5",
	"state": "",
	"metadata": {},
	"type": "TransformNode",
	"uniqueId": 15348,
	"parentId": "1a3a684a-ee85-43d9-a2a3-9cee6d0e9d80",
	"localMatrix": {
		"0": 1,
		"1": 0,
		"2": 0,
		"3": 0,
		"4": 0,
		"5": 1,
		"6": 0,
		"7": 0,
		"8": 0,
		"9": 0,
		"10": 1,
		"11": 0,
		"12": 0,
		"13": 0,
		"14": 0,
		"15": 1
	},
	"isEnabled": false
}