{
	"tags": null,
	"position": [
		-5.9604643443123e-10,
		0.00136672763619572,
		8.94069651646845e-10
	],
	"rotation": [
		0,
		0,
		0
	],
	"rotationQuaternion": [
		-0.248973712325096,
		0.627184391021729,
		0.630886435508728,
		-0.382928371429443
	],
	"scaling": [
		0.999999940395355,
		0.99999988079071,
		1
	],
	"billboardMode": 0,
	"scalingDeterminant": 1,
	"infiniteDistance": false,
	"ignoreNonUniformScaling": false,
	"reIntegrateRotationIntoRotationQuaternion": false,
	"name": "Thumb2.L",
	"id": "cea14f05-cd26-4065-97f7-77c3a0b601fd",
	"state": "",
	"metadata": {},
	"type": "TransformNode",
	"uniqueId": 15349,
	"parentId": "74c705f4-fc71-48e7-b8b9-7f0ad3ff78d5",
	"localMatrix": {
		"0": 1,
		"1": 0,
		"2": 0,
		"3": 0,
		"4": 0,
		"5": 1,
		"6": 0,
		"7": 0,
		"8": 0,
		"9": 0,
		"10": 1,
		"11": 0,
		"12": 0,
		"13": 0,
		"14": 0,
		"15": 1
	},
	"isEnabled": true
}