{
	"tags": null,
	"position": [
		1.11022299980974e-18,
		0.00126784422900528,
		0
	],
	"rotation": [
		0,
		0,
		0
	],
	"rotationQuaternion": [
		-1.38777878078145e-17,
		2.77555756156289e-17,
		-2.77555756156289e-17,
		1
	],
	"scaling": [
		1,
		1,
		1
	],
	"billboardMode": 0,
	"scalingDeterminant": 1,
	"infiniteDistance": false,
	"ignoreNonUniformScaling": false,
	"reIntegrateRotationIntoRotationQuaternion": false,
	"name": "Thumb2.L_end",
	"id": "262be7bb-fcaf-46eb-bbfd-c92a960ee57f",
	"state": "",
	"metadata": {},
	"type": "TransformNode",
	"uniqueId": 7846,
	"parentId": "15f0b9c6-4180-49a2-bf93-3692af70ff4c",
	"localMatrix": {
		"0": 1,
		"1": 0,
		"2": 0,
		"3": 0,
		"4": 0,
		"5": 1,
		"6": 0,
		"7": 0,
		"8": 0,
		"9": 0,
		"10": 1,
		"11": 0,
		"12": 0,
		"13": 0,
		"14": 0,
		"15": 1
	},
	"isEnabled": true
}