{
	"tags": null,
	"position": [
		-0.0000476612149213906,
		0.00801258068531752,
		-0.0013225288130343
	],
	"rotation": [
		0,
		0,
		0
	],
	"rotationQuaternion": [
		-0.707106828689575,
		-2.52881108053771e-7,
		-2.5288116489719e-7,
		0.707106709480286
	],
	"scaling": [
		1,
		1,
		1
	],
	"billboardMode": 0,
	"scalingDeterminant": 1,
	"infiniteDistance": false,
	"ignoreNonUniformScaling": false,
	"reIntegrateRotationIntoRotationQuaternion": false,
	"name": "Torso",
	"id": "19d57cc4-ffa3-42ef-b7de-d6b53c07ddee",
	"state": "",
	"metadata": {},
	"type": "TransformNode",
	"uniqueId": 7801,
	"parentId": "d9371bf5-4f1d-4fa0-891d-38213d455830",
	"localMatrix": {
		"0": 1,
		"1": 0,
		"2": 0,
		"3": 0,
		"4": 0,
		"5": 1,
		"6": 0,
		"7": 0,
		"8": 0,
		"9": 0,
		"10": 1,
		"11": 0,
		"12": 0,
		"13": 0,
		"14": 0,
		"15": 1
	},
	"isEnabled": true
}