{
	"tags": null,
	"position": [
		-0.00645356578752398,
		0.000962254998739809,
		-0.00182561902329326
	],
	"rotation": [
		0,
		0,
		0
	],
	"rotationQuaternion": [
		0.971677303314209,
		-0.0322799645364285,
		0.13601066172123,
		0.190531745553017
	],
	"scaling": [
		1,
		1.00000178813934,
		1.00001573562622
	],
	"billboardMode": 0,
	"scalingDeterminant": 1,
	"infiniteDistance": false,
	"ignoreNonUniformScaling": false,
	"reIntegrateRotationIntoRotationQuaternion": false,
	"name": "UpperLeg.R",
	"id": "bebaf81d-c97e-4fa6-a3a2-c0e1cf698f7c",
	"state": "",
	"metadata": {},
	"type": "TransformNode",
	"uniqueId": 7884,
	"parentId": "d9371bf5-4f1d-4fa0-891d-38213d455830",
	"localMatrix": {
		"0": 1,
		"1": 0,
		"2": 0,
		"3": 0,
		"4": 0,
		"5": 1,
		"6": 0,
		"7": 0,
		"8": 0,
		"9": 0,
		"10": 1,
		"11": 0,
		"12": 0,
		"13": 0,
		"14": 0,
		"15": 1
	},
	"isEnabled": true
}