{
	"materials": [],
	"meshes": [
		{
			"name": "2_Door1_0",
			"id": "b5ff282a-88de-4356-947f-b6df49432e2f",
			"uniqueId": 21175,
			"type": "Mesh",
			"position": [
				0,
				0,
				0
			],
			"rotationQuaternion": [
				0,
				0,
				0,
				1
			],
			"scaling": [
				1,
				1,
				1
			],
			"localMatrix": {
				"0": 1,
				"1": 0,
				"2": 0,
				"3": 0,
				"4": 0,
				"5": 1,
				"6": 0,
				"7": 0,
				"8": 0,
				"9": 0,
				"10": 1,
				"11": 0,
				"12": 0,
				"13": 0,
				"14": 0,
				"15": 1
			},
			"isEnabled": true,
			"isVisible": true,
			"infiniteDistance": false,
			"pickable": true,
			"receiveShadows": false,
			"billboardMode": 0,
			"visibility": 1,
			"checkCollisions": false,
			"isBlocker": false,
			"overrideMaterialSideOrientation": 0,
			"parentId": "06d60fb2-88f9-4796-af5f-744c0cd28001",
			"isUnIndexed": false,
			"geometryId": "9f02f3a2-2fcf-466a-8f61-19f99bd6b740",
			"subMeshes": null,
			"materialId": "ca568575-9403-4774-a6e2-cd0005642be7",
			"metadata": {
				"basePoseMatrix": {
					"0": 3.46410132578967e-7,
					"1": -3.4641016100067645e-7,
					"2": -7.924940586090088,
					"3": 0,
					"4": -0.0000012911370959045598,
					"5": 7.924940586090088,
					"6": -3.464101894223859e-7,
					"7": 0,
					"8": -7.924940586090088,
					"9": -0.0000012911370959045598,
					"10": -3.464101041572576e-7,
					"11": 0,
					"12": -2.247340440750122,
					"13": -139.07296752929688,
					"14": -25.1572265625,
					"15": 1
				},
				"originalSourceFile": {
					"id": "2_Door1_0",
					"name": "2_Door1_0",
					"sceneFileName": "Model/Building/abandoned_building.glb"
				},
				"isPickable": false
			},
			"instances": [],
			"animations": [],
			"ranges": [],
			"layerMask": 268435455,
			"alphaIndex": 1.7976931348623157e+308,
			"hasVertexAlpha": false,
			"overlayAlpha": 0.3,
			"overlayColor": [
				1,
				0,
				0
			],
			"applyFog": true,
			"delayLoadingFile": "geometries/9f02f3a2-2fcf-466a-8f61-19f99bd6b740.babylonbinarymeshdata",
			"boundingBoxMaximum": [
				6.0205841064453125,
				4.9206953048706055,
				0
			],
			"boundingBoxMinimum": [
				-6.0205841064453125,
				-4.9206953048706055,
				0
			],
			"_binaryInfo": {
				"positionsAttrDesc": {
					"count": 12,
					"stride": 3,
					"offset": 0,
					"dataType": 1
				},
				"normalsAttrDesc": {
					"count": 12,
					"stride": 3,
					"offset": 48,
					"dataType": 1
				},
				"uvsAttrDesc": {
					"count": 8,
					"stride": 2,
					"offset": 96,
					"dataType": 1
				},
				"indicesAttrDesc": {
					"count": 6,
					"stride": 1,
					"offset": 128,
					"dataType": 0
				},
				"subMeshesAttrDesc": {
					"count": 1,
					"stride": 5,
					"offset": 152,
					"dataType": 0
				}
			},
			"positions": null,
			"normals": null,
			"uvs": null,
			"hasUVs": true,
			"indices": null
		}
	],
	"multiMaterials": [],
	"lods": []
}