{
	"materials": [],
	"meshes": [
		{
			"name": "Cube_Material.002_0",
			"id": "c9180a4b-a994-4b52-9f88-6c9e16b3c741",
			"uniqueId": 21734,
			"type": "Mesh",
			"position": [
				0,
				0,
				0
			],
			"rotationQuaternion": [
				0,
				0,
				0,
				1
			],
			"scaling": [
				1,
				1,
				1
			],
			"localMatrix": {
				"0": 1,
				"1": 0,
				"2": 0,
				"3": 0,
				"4": 0,
				"5": 1,
				"6": 0,
				"7": 0,
				"8": 0,
				"9": 0,
				"10": 1,
				"11": 0,
				"12": 0,
				"13": 0,
				"14": 0,
				"15": 1
			},
			"isEnabled": true,
			"isVisible": true,
			"infiniteDistance": false,
			"pickable": true,
			"receiveShadows": false,
			"billboardMode": 0,
			"visibility": 1,
			"checkCollisions": false,
			"isBlocker": false,
			"overrideMaterialSideOrientation": 0,
			"parentId": "79afa3ec-cd08-4069-b56a-aff697fb4f4e",
			"isUnIndexed": false,
			"geometryId": "40cddd68-1ef8-42da-b879-df91afa10f25",
			"subMeshes": null,
			"materialId": "49d05fb6-8034-4d9d-8e87-2b3bb838280d",
			"metadata": {
				"basePoseMatrix": {
					"0": -7.9249396324157715,
					"1": 0,
					"2": 0,
					"3": 0,
					"4": 0,
					"5": -0.0000012911368685308844,
					"6": 7.9249396324157715,
					"7": 0,
					"8": 0,
					"9": -7.9249396324157715,
					"10": -0.0000012911368685308844,
					"11": 0,
					"12": -12.157177925109863,
					"13": -2.353515863418579,
					"14": -167.67129516601562,
					"15": 1
				},
				"originalSourceFile": {
					"id": "Cube_Material.002_0",
					"name": "Cube_Material.002_0",
					"sceneFileName": "Model/Building/abandoned_building.glb"
				},
				"isPickable": false
			},
			"instances": [],
			"animations": [],
			"ranges": [],
			"layerMask": 268435455,
			"alphaIndex": 1.7976931348623157e+308,
			"hasVertexAlpha": false,
			"overlayAlpha": 0.3,
			"overlayColor": [
				1,
				0,
				0
			],
			"applyFog": true,
			"delayLoadingFile": "geometries/40cddd68-1ef8-42da-b879-df91afa10f25.babylonbinarymeshdata",
			"boundingBoxMaximum": [
				14.53575325012207,
				19.010602951049805,
				33.51900863647461
			],
			"boundingBoxMinimum": [
				-13.093132972717285,
				-19.010602951049805,
				-33.51900863647461
			],
			"_binaryInfo": {
				"positionsAttrDesc": {
					"count": 33432,
					"stride": 3,
					"offset": 0,
					"dataType": 1
				},
				"normalsAttrDesc": {
					"count": 33432,
					"stride": 3,
					"offset": 133728,
					"dataType": 1
				},
				"uvsAttrDesc": {
					"count": 22288,
					"stride": 2,
					"offset": 267456,
					"dataType": 1
				},
				"indicesAttrDesc": {
					"count": 24504,
					"stride": 1,
					"offset": 356608,
					"dataType": 0
				},
				"subMeshesAttrDesc": {
					"count": 1,
					"stride": 5,
					"offset": 454624,
					"dataType": 0
				}
			},
			"positions": null,
			"normals": null,
			"uvs": null,
			"hasUVs": true,
			"indices": null
		}
	],
	"multiMaterials": [],
	"lods": []
}