{
	"materials": [],
	"meshes": [
		{
			"name": "Head_primitive0",
			"id": "369aed5f-939f-419c-911a-b2697e47613b",
			"uniqueId": 15317,
			"type": "Mesh",
			"position": [
				0,
				0,
				0
			],
			"rotation": [
				0,
				0,
				0
			],
			"scaling": [
				1,
				1,
				1
			],
			"localMatrix": {
				"0": 1,
				"1": 0,
				"2": 0,
				"3": 0,
				"4": 0,
				"5": 1,
				"6": 0,
				"7": 0,
				"8": 0,
				"9": 0,
				"10": 1,
				"11": 0,
				"12": 0,
				"13": 0,
				"14": 0,
				"15": 1
			},
			"isEnabled": true,
			"isVisible": true,
			"infiniteDistance": false,
			"pickable": true,
			"receiveShadows": false,
			"billboardMode": 0,
			"visibility": 1,
			"checkCollisions": false,
			"isBlocker": false,
			"overrideMaterialSideOrientation": 0,
			"parentId": "78507f52-5a0a-4d4e-a0f8-28db8b7ea772",
			"isUnIndexed": false,
			"geometryId": "7c57a3bd-287d-4a79-a44e-14b272a2bba9",
			"subMeshes": null,
			"materialId": "90c9e7e1-2bd0-4dc5-b103-43340de27867",
			"morphTargetManagerId": 15318,
			"metadata": {
				"basePoseMatrix": {
					"0": -0.009794913232326508,
					"1": -0.0019805782940238714,
					"2": 0.00037021838943473995,
					"3": 0,
					"4": 0.0004925162647850811,
					"5": -0.0005718152970075607,
					"6": 0.009971481747925282,
					"7": 0,
					"8": 0.001953760627657175,
					"9": -0.009785213507711887,
					"10": -0.0006576344021596014,
					"11": 0,
					"12": -0.0012458580313250422,
					"13": 0.002107531763613224,
					"14": -0.036096442490816116,
					"15": 1
				},
				"originalSourceFile": {
					"id": "Head_primitive0",
					"name": "Head_primitive0",
					"sceneFileName": "Model/Robot/RobotExpressive.glb"
				},
				"isPickable": false
			},
			"instances": [],
			"animations": [],
			"ranges": [],
			"layerMask": 268435455,
			"alphaIndex": 1.7976931348623157e+308,
			"hasVertexAlpha": false,
			"overlayAlpha": 0.3,
			"overlayColor": [
				1,
				0,
				0
			],
			"applyFog": true,
			"delayLoadingFile": "geometries/7c57a3bd-287d-4a79-a44e-14b272a2bba9.babylonbinarymeshdata",
			"boundingBoxMaximum": [
				0.012935958802700043,
				0.012584390118718147,
				0.0021511625964194536
			],
			"boundingBoxMinimum": [
				-0.012935958802700043,
				-0.011827588081359863,
				-0.008279090747237206
			],
			"_binaryInfo": {
				"positionsAttrDesc": {
					"count": 906,
					"stride": 3,
					"offset": 0,
					"dataType": 1
				},
				"normalsAttrDesc": {
					"count": 906,
					"stride": 3,
					"offset": 3624,
					"dataType": 1
				},
				"indicesAttrDesc": {
					"count": 462,
					"stride": 1,
					"offset": 7248,
					"dataType": 0
				},
				"subMeshesAttrDesc": {
					"count": 1,
					"stride": 5,
					"offset": 9096,
					"dataType": 0
				}
			},
			"positions": null,
			"normals": null,
			"indices": null
		}
	],
	"multiMaterials": [],
	"lods": []
}