{
	"materials": [],
	"meshes": [
		{
			"name": "LowerLeg.R",
			"id": "6c9371ae-e1c0-4a45-97ad-7e1af03259d0",
			"uniqueId": 15392,
			"type": "Mesh",
			"position": [
				0.0000470799204776995,
				0.00499000167474151,
				-0.00251993862912059
			],
			"rotationQuaternion": [
				0.636150538921356,
				-0.00114405527710915,
				0.00285831512883306,
				0.771558821201324
			],
			"scaling": [
				1,
				0.999972879886627,
				1.00000095367432
			],
			"localMatrix": {
				"0": 1,
				"1": 0,
				"2": 0,
				"3": 0,
				"4": 0,
				"5": 1,
				"6": 0,
				"7": 0,
				"8": 0,
				"9": 0,
				"10": 1,
				"11": 0,
				"12": 0,
				"13": 0,
				"14": 0,
				"15": 1
			},
			"isEnabled": true,
			"isVisible": true,
			"infiniteDistance": false,
			"pickable": true,
			"receiveShadows": false,
			"billboardMode": 0,
			"visibility": 1,
			"checkCollisions": false,
			"isBlocker": false,
			"overrideMaterialSideOrientation": 0,
			"parentId": "9b7935b4-6095-460d-9ee6-f1778a93472c",
			"isUnIndexed": false,
			"geometryId": "8862d086-890e-40e9-93b7-7aaac108fce9",
			"subMeshes": null,
			"materialId": "0e744537-f09f-4b17-b3f9-d33717bd0e57",
			"metadata": {
				"basePoseMatrix": {
					"0": -0.009625670500099659,
					"1": -0.002698831493034959,
					"2": 0.00025094414013437927,
					"3": 0,
					"4": -0.00011966229794779792,
					"5": 0.001348215970210731,
					"6": 0.009907937608659267,
					"7": 0,
					"8": 0.0027077982667833567,
					"9": -0.009534221142530441,
					"10": 0.001329907332547009,
					"11": 0,
					"12": 0.006517073139548302,
					"13": 0.0036695636808872223,
					"14": -0.0039513311348855495,
					"15": 1
				},
				"originalSourceFile": {
					"id": "LowerLeg.R",
					"name": "LowerLeg.R",
					"sceneFileName": "Model/Robot/RobotExpressive.glb"
				},
				"isPickable": false
			},
			"instances": [],
			"animations": [],
			"ranges": [],
			"layerMask": 268435455,
			"alphaIndex": 1.7976931348623157e+308,
			"hasVertexAlpha": false,
			"overlayAlpha": 0.3,
			"overlayColor": [
				1,
				0,
				0
			],
			"applyFog": true,
			"delayLoadingFile": "geometries/8862d086-890e-40e9-93b7-7aaac108fce9.babylonbinarymeshdata",
			"boundingBoxMaximum": [
				0.0028340411372482777,
				0.004816969390958548,
				0.004179680719971657
			],
			"boundingBoxMinimum": [
				-0.0028321200516074896,
				-0.0005815211334265769,
				-0.003414716338738799
			],
			"_binaryInfo": {
				"positionsAttrDesc": {
					"count": 1110,
					"stride": 3,
					"offset": 0,
					"dataType": 1
				},
				"normalsAttrDesc": {
					"count": 1110,
					"stride": 3,
					"offset": 4440,
					"dataType": 1
				},
				"indicesAttrDesc": {
					"count": 438,
					"stride": 1,
					"offset": 8880,
					"dataType": 0
				},
				"subMeshesAttrDesc": {
					"count": 1,
					"stride": 5,
					"offset": 10632,
					"dataType": 0
				}
			},
			"positions": null,
			"normals": null,
			"indices": null
		}
	],
	"multiMaterials": [],
	"lods": []
}