{
	"materials": [],
	"meshes": [
		{
			"name": "Torso_primitive1",
			"id": "dcde130e-d178-4dbd-9d78-26de96fec1f9",
			"uniqueId": 15308,
			"type": "Mesh",
			"position": [
				0,
				0,
				0
			],
			"rotation": [
				0,
				0,
				0
			],
			"scaling": [
				1,
				1,
				1
			],
			"localMatrix": {
				"0": 1,
				"1": 0,
				"2": 0,
				"3": 0,
				"4": 0,
				"5": 1,
				"6": 0,
				"7": 0,
				"8": 0,
				"9": 0,
				"10": 1,
				"11": 0,
				"12": 0,
				"13": 0,
				"14": 0,
				"15": 1
			},
			"isEnabled": true,
			"isVisible": true,
			"infiniteDistance": false,
			"pickable": true,
			"receiveShadows": false,
			"billboardMode": 0,
			"visibility": 1,
			"checkCollisions": false,
			"isBlocker": false,
			"overrideMaterialSideOrientation": 0,
			"parentId": "77138746-3556-461f-9daf-d2f5c4db0211",
			"isUnIndexed": false,
			"geometryId": "4be08364-510a-49b5-a22c-cb27d178d833",
			"subMeshes": null,
			"materialId": "0e744537-f09f-4b17-b3f9-d33717bd0e57",
			"metadata": {
				"basePoseMatrix": {
					"0": -0.009999999776482582,
					"1": 1.364244235039781e-16,
					"2": -8.416450765559341e-16,
					"3": 0,
					"4": -1.2496799054896438e-15,
					"5": -1.3435894619107103e-9,
					"6": 0.010000001639127731,
					"7": 0,
					"8": 8.355984789224001e-16,
					"9": -0.010000001639127731,
					"10": -1.3435894619107103e-9,
					"11": 0,
					"12": 0.000027156367650604807,
					"13": -0.00019580927619244903,
					"14": -0.021737514063715935,
					"15": 1
				},
				"originalSourceFile": {
					"id": "Torso_primitive1",
					"name": "Torso_primitive1",
					"sceneFileName": "Model/Robot/RobotExpressive.glb"
				},
				"isPickable": false
			},
			"instances": [],
			"animations": [],
			"ranges": [],
			"layerMask": 268435455,
			"alphaIndex": 1.7976931348623157e+308,
			"hasVertexAlpha": false,
			"overlayAlpha": 0.3,
			"overlayColor": [
				1,
				0,
				0
			],
			"applyFog": true,
			"delayLoadingFile": "geometries/4be08364-510a-49b5-a22c-cb27d178d833.babylonbinarymeshdata",
			"boundingBoxMaximum": [
				0.007390642538666725,
				0.006786845624446869,
				0.006964101456105709
			],
			"boundingBoxMinimum": [
				-0.007475719787180424,
				-0.006859500892460346,
				-0.008791754022240639
			],
			"_binaryInfo": {
				"positionsAttrDesc": {
					"count": 4032,
					"stride": 3,
					"offset": 0,
					"dataType": 1
				},
				"normalsAttrDesc": {
					"count": 4032,
					"stride": 3,
					"offset": 16128,
					"dataType": 1
				},
				"indicesAttrDesc": {
					"count": 1710,
					"stride": 1,
					"offset": 32256,
					"dataType": 0
				},
				"subMeshesAttrDesc": {
					"count": 1,
					"stride": 5,
					"offset": 39096,
					"dataType": 0
				}
			},
			"positions": null,
			"normals": null,
			"indices": null
		}
	],
	"multiMaterials": [],
	"lods": []
}