{
	"materials": [],
	"meshes": [
		{
			"name": "Torso_primitive0",
			"id": "47ba5012-de47-4e71-944e-07a9db69bd36",
			"uniqueId": 15306,
			"type": "Mesh",
			"position": [
				0,
				0,
				0
			],
			"rotation": [
				0,
				0,
				0
			],
			"scaling": [
				1,
				1,
				1
			],
			"localMatrix": {
				"0": 1,
				"1": 0,
				"2": 0,
				"3": 0,
				"4": 0,
				"5": 1,
				"6": 0,
				"7": 0,
				"8": 0,
				"9": 0,
				"10": 1,
				"11": 0,
				"12": 0,
				"13": 0,
				"14": 0,
				"15": 1
			},
			"isEnabled": true,
			"isVisible": true,
			"infiniteDistance": false,
			"pickable": true,
			"receiveShadows": false,
			"billboardMode": 0,
			"visibility": 1,
			"checkCollisions": false,
			"isBlocker": false,
			"overrideMaterialSideOrientation": 0,
			"parentId": "77138746-3556-461f-9daf-d2f5c4db0211",
			"isUnIndexed": false,
			"geometryId": "ab42a58a-4e78-49f2-9ae7-dd0e3b9fdc6b",
			"subMeshes": null,
			"materialId": "90c9e7e1-2bd0-4dc5-b103-43340de27867",
			"metadata": {
				"basePoseMatrix": {
					"0": -0.009999999776482582,
					"1": 1.364244235039781e-16,
					"2": -8.416450765559341e-16,
					"3": 0,
					"4": -1.2496799054896438e-15,
					"5": -1.3435894619107103e-9,
					"6": 0.010000001639127731,
					"7": 0,
					"8": 8.355984789224001e-16,
					"9": -0.010000001639127731,
					"10": -1.3435894619107103e-9,
					"11": 0,
					"12": 0.000027156367650604807,
					"13": -0.00019580927619244903,
					"14": -0.021737514063715935,
					"15": 1
				},
				"originalSourceFile": {
					"id": "Torso_primitive0",
					"name": "Torso_primitive0",
					"sceneFileName": "Model/Robot/RobotExpressive.glb"
				},
				"isPickable": false
			},
			"instances": [],
			"animations": [],
			"ranges": [],
			"layerMask": 268435455,
			"alphaIndex": 1.7976931348623157e+308,
			"hasVertexAlpha": false,
			"overlayAlpha": 0.3,
			"overlayColor": [
				1,
				0,
				0
			],
			"applyFog": true,
			"delayLoadingFile": "geometries/ab42a58a-4e78-49f2-9ae7-dd0e3b9fdc6b.babylonbinarymeshdata",
			"boundingBoxMaximum": [
				0.007566114887595177,
				0.0066106258891522884,
				0.004113468807190657
			],
			"boundingBoxMinimum": [
				-0.007619188632816076,
				-0.0066106258891522884,
				-0.008983052335679531
			],
			"_binaryInfo": {
				"positionsAttrDesc": {
					"count": 1704,
					"stride": 3,
					"offset": 0,
					"dataType": 1
				},
				"normalsAttrDesc": {
					"count": 1704,
					"stride": 3,
					"offset": 6816,
					"dataType": 1
				},
				"indicesAttrDesc": {
					"count": 900,
					"stride": 1,
					"offset": 13632,
					"dataType": 0
				},
				"subMeshesAttrDesc": {
					"count": 1,
					"stride": 5,
					"offset": 17232,
					"dataType": 0
				}
			},
			"positions": null,
			"normals": null,
			"indices": null
		}
	],
	"multiMaterials": [],
	"lods": []
}